Runtime in ms,Test File
32909,org.apache.sysds.test.applications.UnivariateUnweightedScaleDenseTest
6832,org.apache.sysds.test.applications.UnivariateCategoricalTest
8658,org.apache.sysds.test.applications.ApplyTransformTest
3755,org.apache.sysds.test.applications.EntityResolutionBlockingTest
57293,org.apache.sysds.test.applications.NaiveBayesTest
24043,org.apache.sysds.test.applications.ParForCVMulticlassSVMTest
152841,org.apache.sysds.test.applications.ParForNaiveBayesTest
8941,org.apache.sysds.test.applications.PageRankTest
28296,org.apache.sysds.test.applications.MDABivariateStatsTest
29745,org.apache.sysds.test.applications.ParForBivariateStatsTest
63586,org.apache.sysds.test.applications.LinearLogRegTest
475151,org.apache.sysds.test.applications.GLMTest
11887,org.apache.sysds.test.applications.nn.NNComponentTest
81058,org.apache.sysds.test.applications.nn.MNISTLeNet
11657,org.apache.sysds.test.applications.nn.NNMaxPool2dComponentTest
8742,org.apache.sysds.test.applications.nn.FMTests
23842,org.apache.sysds.test.applications.ScalableDecompositionTest
5936,org.apache.sysds.test.applications.EntityResolutionBinaryTest
48099,org.apache.sysds.test.applications.GNMFTest
10822,org.apache.sysds.test.applications.ArimaTest
39043,org.apache.sysds.test.applications.ParForSampleTest
29121,org.apache.sysds.test.applications.ParForCorrelationTest
8551,org.apache.sysds.test.applications.CsplineCGTest
5834,org.apache.sysds.test.applications.BivariateScaleScaleTest
69927,org.apache.sysds.test.applications.L2SVMTest
6944,org.apache.sysds.test.applications.BivariateOrdinalOrdinalTest
441678,org.apache.sysds.test.applications.nn.NNGradientTest
10072,org.apache.sysds.test.applications.BivariateScaleCategoricalTest
81907,org.apache.sysds.test.applications.MultiClassSVMTest
2771,org.apache.sysds.test.applications.OrderStatisticsTest
10022,org.apache.sysds.test.applications.BivariateCategoricalCategoricallTest
5687,org.apache.sysds.test.applications.NaiveBayesParforTest
123262,org.apache.sysds.test.applications.GANTest
286369,org.apache.sysds.test.applications.ID3Test
33973,org.apache.sysds.test.applications.ParForCorrelationTestLarge
27566,org.apache.sysds.test.applications.UnivariateWeightedScaleDenseTest
5666,org.apache.sysds.test.applications.EntityResolutionConnectedComponentsTest
9781,org.apache.sysds.test.applications.WelchTTest
74588,org.apache.sysds.test.applications.HITSTest
11079,org.apache.sysds.test.applications.CsplineDSTest
30512,org.apache.sysds.test.applications.UnivariateUnweightedScaleSparseTest
8497,org.apache.sysds.test.applications.EntityResolutionClusteringTest
33377,org.apache.sysds.test.applications.UnivariateWeightedScaleSparseTest
43967,org.apache.sysds.test.applications.LinearRegressionTest
