Runtime in ms,Test File
1384,org.apache.sysds.test.functions.aggregate.AggregateNaNTest
3316,org.apache.sysds.test.functions.aggregate.NRowTest
3206,org.apache.sysds.test.functions.aggregate.MinTest
2939,org.apache.sysds.test.functions.aggregate.SumTest
3408,org.apache.sysds.test.functions.aggregate.MaxTest
3256,org.apache.sysds.test.functions.aggregate.ProdTest
2927,org.apache.sysds.test.functions.aggregate.RowSumTest
94095,org.apache.sysds.test.functions.aggregate.FullGroupedAggregateTest
140985,org.apache.sysds.test.functions.aggregate.FullRowAggregateTest
55829,org.apache.sysds.test.functions.aggregate.StdDevTest
19144,org.apache.sysds.test.functions.aggregate.PushdownSumBinaryTest
58421,org.apache.sysds.test.functions.aggregate.ColSumsSqTest
3164,org.apache.sysds.test.functions.aggregate.LengthTest
82329,org.apache.sysds.test.functions.aggregate.FullColAggregateTest
84069,org.apache.sysds.test.functions.aggregate.FullGroupedAggregateMatrixTest
50274,org.apache.sysds.test.functions.aggregate.SumSqTest
103169,org.apache.sysds.test.functions.aggregate.RowVariancesTest
54799,org.apache.sysds.test.functions.aggregate.RowSumsSqTest
2661,org.apache.sysds.test.functions.aggregate.TensorSumTest
58621,org.apache.sysds.test.functions.aggregate.ColStdDevsTest
59729,org.apache.sysds.test.functions.aggregate.RowStdDevsTest
3229,org.apache.sysds.test.functions.aggregate.ColSumTest
2586,org.apache.sysds.test.functions.aggregate.TraceTest
98872,org.apache.sysds.test.functions.aggregate.FullAggregateTest
2782,org.apache.sysds.test.functions.aggregate.NColTest
101434,org.apache.sysds.test.functions.aggregate.ColVariancesTest
8182,org.apache.sysds.test.functions.aggregate.AggregateInfTest
56516,org.apache.sysds.test.functions.aggregate.VarianceTest
20159,org.apache.sysds.test.functions.aggregate.RowColProdsAggregateTest
384,org.apache.sysds.test.functions.binary.matrix.MatrixMultiplicationTest
3747,org.apache.sysds.test.functions.binary.matrix.ElementwiseDivisionTest
6322,org.apache.sysds.test.functions.binary.matrix.ScalarDivisionTest
356,org.apache.sysds.test.functions.binary.matrix.ElementwiseMultiplicationTest
81787,org.apache.sysds.test.functions.binary.matrix.MapMultChainTest
4222,org.apache.sysds.test.functions.binary.matrix.ScalarModulusTest
2957,org.apache.sysds.test.functions.binary.matrix.ElementwiseAdditionTest
3044,org.apache.sysds.test.functions.binary.matrix.ElementwiseSubtractionTest
192489,org.apache.sysds.test.functions.binary.matrix.UaggOuterChainTest
507,org.apache.sysds.test.functions.binary.matrix.ScalarMultiplicationTest
64929,org.apache.sysds.test.functions.binary.matrix.ElementwiseBitwLogicalTest
498,org.apache.sysds.test.functions.binary.matrix.QuantileTest
82607,org.apache.sysds.test.functions.binary.matrix.DiagMatrixMultiplicationTest
33073,org.apache.sysds.test.functions.binary.matrix.UltraSparseMRMatrixMultiplicationTest
42524,org.apache.sysds.test.functions.binary.matrix.BinUaggChainTest
3614,org.apache.sysds.test.functions.binary.matrix.ElementwiseModulusTest
4385,org.apache.sysds.test.functions.binary.matrix.ElementwiseAdditionMultiplicationTest
61096,org.apache.sysds.test.functions.binary.matrix.ElementwiseLogicalTest
46292,org.apache.sysds.test.functions.binary.matrix.ZipMMSparkMatrixMultiplicationTest
4907,org.apache.sysds.test.functions.binary.matrix.ScalarAdditionTest
6157,org.apache.sysds.test.functions.binary.matrix.ScalarSubtractionTest
31096,org.apache.sysds.test.functions.binary.matrix.CentralMomentTest
1768,org.apache.sysds.test.functions.binary.matrix.CovarianceTest
101596,org.apache.sysds.test.functions.binary.matrix.TransposeMatrixMultiplicationTest
26656,org.apache.sysds.test.functions.binary.tensor.ElementwiseMultiplicationTest
2516,org.apache.sysds.test.functions.binary.tensor.ElementwiseAdditionTest
6255,org.apache.sysds.test.functions.binary.matrix.MatrixVectorTest
23987,org.apache.sysds.test.functions.binary.frame.FrameMapTest
8565,org.apache.sysds.test.functions.binary.frame.FrameMapMarginTest
35656,org.apache.sysds.test.functions.binary.frame.FrameEqualTest
4469,org.apache.sysds.test.functions.binary.scalar.PowerTest
3103,org.apache.sysds.test.functions.binary.scalar.XorTest
5967,org.apache.sysds.test.functions.binary.scalar.DivisionTest
5147,org.apache.sysds.test.functions.binary.scalar.ModulusTest
8076,org.apache.sysds.test.functions.binary.scalar.SubtractionTest
402,org.apache.sysds.test.functions.binary.scalar.AdditionTest
45684,org.apache.sysds.test.functions.binary.scalar.LogicalTest
3148,org.apache.sysds.test.functions.binary.scalar.GreaterThanOrEqualTest
3195,org.apache.sysds.test.functions.binary.scalar.LessThanTest
3529,org.apache.sysds.test.functions.binary.scalar.OrTest
327,org.apache.sysds.test.functions.binary.scalar.LessThanOrEqualTest
3346,org.apache.sysds.test.functions.binary.scalar.GreaterThanTest
3651,org.apache.sysds.test.functions.binary.scalar.FullStringComparisonTest
3574,org.apache.sysds.test.functions.binary.scalar.AndTest
441,org.apache.sysds.test.functions.binary.scalar.MultiplicationTest
3985,org.apache.sysds.test.functions.binary.scalar.LogarithmTest
3645,org.apache.sysds.test.functions.binary.scalar.EqualTest
14789,org.apache.sysds.test.functions.async.AsyncBroadcastTest
44606,org.apache.sysds.test.functions.async.PrefetchRDDTest
10662,org.apache.sysds.test.functions.append.StringAppendTest
127048,org.apache.sysds.test.functions.append.AppendVectorTest
30473,org.apache.sysds.test.functions.append.RBindCBindMatrixTest
150098,org.apache.sysds.test.functions.append.AppendMatrixTest
94227,org.apache.sysds.test.functions.append.AppendChainTest
