Test File;Runtime in ms
org.apache.dubbo.rpc.support.ProtocolUtilsTest;396
org.apache.dubbo.config.MetricsConfigTest;34
org.apache.dubbo.config.context.ConfigManagerTest;314
org.apache.dubbo.common.timer.HashedWheelTimerTest;36
org.apache.dubbo.common.constants.CommonConstantsTest;3
org.apache.dubbo.common.threadlocal.NamedInternalThreadFactoryTest;7
org.apache.dubbo.common.threadlocal.InternalThreadLocalTest;6978
org.apache.dubbo.common.utils.LFUCacheTest;1045
org.apache.dubbo.common.utils.LogHelperTest;1882
org.apache.dubbo.common.utils.NetUtilsInterfaceDisplayNameHasMetaCharactersTest;662
org.apache.dubbo.common.utils.StringUtilsTest;604
org.apache.dubbo.common.utils.HolderTest;2
org.apache.dubbo.common.utils.ExecutorUtilTest;2216
org.apache.dubbo.common.utils.AtomicPositiveIntegerTest;32
org.apache.dubbo.common.utils.StringConstantFieldValuePredicateTest;15
org.apache.dubbo.common.utils.CompatibleTypeUtilsTest;43
org.apache.dubbo.common.utils.JVMUtilTest;81
org.apache.dubbo.common.utils.StackTest;52
org.apache.dubbo.common.utils.MethodUtilsTest;54
org.apache.dubbo.common.utils.NetUtilsTest;507
org.apache.dubbo.common.utils.IOUtilsTest;53
org.apache.dubbo.common.utils.DubboAppenderTest;3
org.apache.dubbo.common.utils.UrlUtilsTest;6
org.apache.dubbo.common.utils.DefaultPageTest;4
org.apache.dubbo.common.utils.AnnotationUtilsTest;83
org.apache.dubbo.common.utils.ArrayUtilsTest;3
org.apache.dubbo.common.utils.CIDRUtilsTest;12
org.apache.dubbo.common.utils.MemberUtilsTest;1
org.apache.dubbo.common.utils.NamedThreadFactoryTest;1
org.apache.dubbo.common.utils.ConfigUtilsTest;1
org.apache.dubbo.common.utils.SerializeClassCheckerTest;42
org.apache.dubbo.common.utils.ReflectUtilsTest;63
org.apache.dubbo.common.utils.FieldUtilsTest;5
org.apache.dubbo.common.utils.ClassUtilsTest;27
org.apache.dubbo.common.utils.LogUtilTest;1
org.apache.dubbo.common.utils.PojoUtilsTest;133
org.apache.dubbo.common.utils.CollectionUtilsTest;42
org.apache.dubbo.common.utils.AssertTest;1
org.apache.dubbo.common.utils.LogTest;9
org.apache.dubbo.common.extension.ExtensionLoaderTest;445
org.apache.dubbo.common.extension.ExtensionLoader_Compatible_Test;12
org.apache.dubbo.common.extension.ExtensionLoader_Adaptive_Test;1
org.apache.dubbo.common.extension.ExtensionLoader_Adaptive_UseJdkCompiler_Test;43
org.apache.dubbo.common.extension.AdaptiveClassCodeGeneratorTest;7
org.apache.dubbo.common.extension.support.ActivateComparatorTest;7
org.apache.dubbo.common.extension.wrapper.WrapperTest;9
org.apache.dubbo.common.URLStrParserTest;23
org.apache.dubbo.common.URLBuilderTest;22
org.apache.dubbo.common.beanutil.JavaBeanAccessorTest;5
org.apache.dubbo.common.beanutil.JavaBeanSerializeUtilTest;44
org.apache.dubbo.common.PojoUtilsForNonPublicStaticTest;0
org.apache.dubbo.common.concurrent.CompletableFutureTaskTest;1024
org.apache.dubbo.common.compiler.support.JdkCompilerTest;1503
org.apache.dubbo.common.compiler.support.AdaptiveCompilerTest;119
org.apache.dubbo.common.compiler.support.ClassUtilsTest;15
org.apache.dubbo.common.compiler.support.JavassistCompilerTest;18
org.apache.dubbo.common.status.support.StatusUtilsTest;11
org.apache.dubbo.common.status.support.LoadStatusCheckerTest;2
org.apache.dubbo.common.status.support.MemoryStatusCheckerTest;3
org.apache.dubbo.common.status.StatusTest;2
org.apache.dubbo.common.store.support.SimpleDataStoreTest;3
org.apache.dubbo.common.config.configcenter.AbstractDynamicConfigurationFactoryTest;3
org.apache.dubbo.common.config.configcenter.DynamicConfigurationFactoryTest;7
org.apache.dubbo.common.config.configcenter.ConfigChangeTypeTest;2
org.apache.dubbo.common.config.configcenter.AbstractDynamicConfigurationTest;32
org.apache.dubbo.common.config.configcenter.file.FileSystemDynamicConfigurationFactoryTest;0
org.apache.dubbo.common.config.configcenter.ConfigChangedEventTest;3
org.apache.dubbo.common.config.EnvironmentConfigurationTest;11
org.apache.dubbo.common.config.InmemoryConfigurationTest;4
org.apache.dubbo.common.config.ConfigurationUtilsTest;12
org.apache.dubbo.common.config.SystemConfigurationTest;3
org.apache.dubbo.common.config.PropertiesConfigurationTest;1
org.apache.dubbo.common.lang.PrioritizedTest;12
org.apache.dubbo.common.lang.ShutdownHookCallbacksTest;1
org.apache.dubbo.common.threadpool.support.cached.CachedThreadPoolTest;13
org.apache.dubbo.common.threadpool.support.AbortPolicyWithReportTest;3025
org.apache.dubbo.common.threadpool.support.eager.EagerThreadPoolTest;6
org.apache.dubbo.common.threadpool.support.eager.EagerThreadPoolExecutorTest;5759
org.apache.dubbo.common.threadpool.support.eager.TaskQueueTest;297
org.apache.dubbo.common.threadpool.support.fixed.FixedThreadPoolTest;6
org.apache.dubbo.common.threadpool.support.limited.LimitedThreadPoolTest;17
org.apache.dubbo.common.threadpool.manager.ExecutorRepositoryTest;168
org.apache.dubbo.common.threadpool.event.ThreadPoolExhaustedEventListenerTest;4
org.apache.dubbo.common.threadpool.event.ThreadPoolExhaustedEventTest;1
org.apache.dubbo.common.threadpool.ThreadlessExecutorTest;39
org.apache.dubbo.common.convert.StringToDoubleConverterTest;12
org.apache.dubbo.common.convert.StringToOptionalConverterTest;6
org.apache.dubbo.common.convert.StringToStringConverterTest;2
org.apache.dubbo.common.convert.StringToFloatConverterTest;16
org.apache.dubbo.common.convert.StringToBooleanConverterTest;2
org.apache.dubbo.common.convert.ConverterTest;22
org.apache.dubbo.common.convert.StringToLongConverterTest;1
org.apache.dubbo.common.convert.multiple.StringToSetConverterTest;1
org.apache.dubbo.common.convert.multiple.StringToNavigableSetConverterTest;15
org.apache.dubbo.common.convert.multiple.StringToTransferQueueConverterTest;14
org.apache.dubbo.common.convert.multiple.StringToCollectionConverterTest;7
org.apache.dubbo.common.convert.multiple.StringToArrayConverterTest;5
org.apache.dubbo.common.convert.multiple.StringToSortedSetConverterTest;1
org.apache.dubbo.common.convert.multiple.StringToQueueConverterTest;5
org.apache.dubbo.common.convert.multiple.StringToBlockingDequeConverterTest;9
org.apache.dubbo.common.convert.multiple.StringToBlockingQueueConverterTest;6
org.apache.dubbo.common.convert.multiple.StringToListConverterTest;5
org.apache.dubbo.common.convert.multiple.StringToDequeConverterTest;5
org.apache.dubbo.common.convert.multiple.MultiValueConverterTest;101
org.apache.dubbo.common.convert.StringToCharArrayConverterTest;3
org.apache.dubbo.common.convert.StringToCharacterConverterTest;3
org.apache.dubbo.common.convert.StringToShortConverterTest;3
org.apache.dubbo.common.convert.StringToIntegerConverterTest;3
org.apache.dubbo.common.BaseServiceMetadataTest;2
org.apache.dubbo.common.io.UnsafeByteArrayOutputStreamTest;216
org.apache.dubbo.common.io.BytesTest;26
org.apache.dubbo.common.io.StreamUtilsTest;7
org.apache.dubbo.common.io.UnsafeStringWriterTest;4
org.apache.dubbo.common.io.UnsafeByteArrayInputStreamTest;3
org.apache.dubbo.common.io.UnsafeStringReaderTest;2
org.apache.dubbo.common.version.VersionTest;3
org.apache.dubbo.common.function.PredicatesTest;2
org.apache.dubbo.common.function.ThrowableActionTest;1
org.apache.dubbo.common.function.StreamsTest;3
org.apache.dubbo.common.function.ThrowableConsumerTest;2
org.apache.dubbo.common.function.ThrowableFunctionTest;1
org.apache.dubbo.common.URLTest;68
org.apache.dubbo.common.logger.support.FailsafeLoggerTest;18