Test File;Runtime in ms
org.h2.test.auth.TestAuthentication;13.0
org.h2.test.db.TestAlter;13.833333333333334
org.h2.test.db.TestAlterSchemaRename;50.0
org.h2.test.db.TestAlterTableNotFound;28.666666666666668
org.h2.test.db.TestAnalyzeTableTx;1148.5
org.h2.test.db.TestAutoRecompile;7.0
org.h2.test.db.TestBackup;44.333333333333336
org.h2.test.db.TestBigDb;49.0
org.h2.test.db.TestBigResult;867.0
org.h2.test.db.TestCases;665.5
org.h2.test.db.TestCheckpoint;4.666666666666667
org.h2.test.db.TestCluster;9907.0
org.h2.test.db.TestCompatibility;100.5
org.h2.test.db.TestCompatibilityOracle;32.333333333333336
org.h2.test.db.TestCompatibilitySQLServer;6.333333333333333
org.h2.test.db.TestCsv;87.0
org.h2.test.db.TestDateStorage;371.1666666666667
org.h2.test.db.TestDeadlock;2533.1666666666665
org.h2.test.db.TestDuplicateKeyUpdate;11.166666666666666
org.h2.test.db.TestEncryptedDb;211.0
org.h2.test.db.TestExclusive;208.0
org.h2.test.db.TestFullText;1866.7
org.h2.test.db.TestFunctionOverload;4.166666666666667
org.h2.test.db.TestFunctions;317.3333333333333
org.h2.test.db.TestGeneralCommonTableQueries;94.0
org.h2.test.db.TestIgnoreCatalogs;28.833333333333332
org.h2.test.db.TestIndex;5964.833333333333
org.h2.test.db.TestIndexHints;5.666666666666667
org.h2.test.db.TestLinkedTable;79.0
org.h2.test.db.TestListener;8.333333333333334
org.h2.test.db.TestLob;8060.333333333333
org.h2.test.db.TestMemoryUsage;327.3333333333333
org.h2.test.db.TestMergeUsing;36.5
org.h2.test.db.TestMultiConn;521.0
org.h2.test.db.TestMultiDimension;71.66666666666667
org.h2.test.db.TestMultiThread;8897.333333333334
org.h2.test.db.TestMultiThreadedKernel;3232.875
org.h2.test.db.TestOpenClose;1392.0
org.h2.test.db.TestOptimizations;2147.1666666666665
org.h2.test.db.TestOutOfMemory;957.6666666666666
org.h2.test.db.TestPersistentCommonTableExpressions;81.0
org.h2.test.db.TestPowerOff;400.3333333333333
org.h2.test.db.TestQueryCache;3255.3333333333335
org.h2.test.db.TestReadOnly;46.333333333333336
org.h2.test.db.TestRecursiveQueries;40.333333333333336
org.h2.test.db.TestRights;134.33333333333334
org.h2.test.db.TestRunscript;568.0
org.h2.test.db.TestSQLInjection;7.5
org.h2.test.db.TestSelectTableNotFound;24.833333333333332
org.h2.test.db.TestSequence;2409.8333333333335
org.h2.test.db.TestSessionsLocks;213.33333333333334
org.h2.test.db.TestSetCollation;39.166666666666664
org.h2.test.db.TestSpaceReuse;201.66666666666666
org.h2.test.db.TestSpatial;2047.3333333333333
org.h2.test.db.TestSpeed;1.8333333333333333
org.h2.test.db.TestSynonymForTable;49.833333333333336
org.h2.test.db.TestTableEngines;32.833333333333336
org.h2.test.db.TestTempTables;1650.1666666666667
org.h2.test.db.TestTransaction;5412.833333333333
org.h2.test.db.TestTriggersConstraints;278.0
org.h2.test.db.TestTwoPhaseCommit;636.5
org.h2.test.db.TestView;78.5
org.h2.test.db.TestViewAlterTable;21.333333333333332
org.h2.test.db.TestViewDropView;9.833333333333334
org.h2.test.jdbc.TestBatchUpdates;121.0
org.h2.test.jdbc.TestCallableStatement;20.666666666666668
org.h2.test.jdbc.TestCancel;1226.0
org.h2.test.jdbc.TestConcurrentConnectionUsage;219.66666666666666
org.h2.test.jdbc.TestConnection;152.5
org.h2.test.jdbc.TestDatabaseEventListener;236.5
org.h2.test.jdbc.TestDriver;0.5
org.h2.test.jdbc.TestGetGeneratedKeys;1440.1666666666667
org.h2.test.jdbc.TestJavaObjectSerializer;6.666666666666667
org.h2.test.jdbc.TestLobApi;142.5
org.h2.test.jdbc.TestManyJdbcObjects;31.833333333333332
org.h2.test.jdbc.TestMetaData;164.0
org.h2.test.jdbc.TestNativeSQL;17.833333333333332
org.h2.test.jdbc.TestPreparedStatement;491.3333333333333
org.h2.test.jdbc.TestResultSet;61.833333333333336
org.h2.test.jdbc.TestSQLXML;67.33333333333333
org.h2.test.jdbc.TestStatement;22.833333333333332
org.h2.test.jdbc.TestTransactionIsolation;3265.5
org.h2.test.jdbc.TestUpdatableResultSet;54.833333333333336
org.h2.test.jdbc.TestUrlJavaObjectSerializer;1.6666666666666667
org.h2.test.jdbc.TestZloty;4.833333333333333
org.h2.test.jdbcx.TestConnectionPool;2599.6666666666665
org.h2.test.jdbcx.TestDataSource;11.333333333333334
org.h2.test.jdbcx.TestXA;21.333333333333332
org.h2.test.jdbcx.TestXASimple;280.3333333333333
org.h2.test.mvcc.TestMvcc1;304.6666666666667
org.h2.test.mvcc.TestMvcc2;117.83333333333333
org.h2.test.mvcc.TestMvcc3;70.16666666666667
org.h2.test.mvcc.TestMvcc4;3.5
org.h2.test.mvcc.TestMvccMultiThreaded;2224.5
org.h2.test.mvcc.TestMvccMultiThreaded2;6063.166666666667
org.h2.test.poweroff.TestReorderWrites;277.6333333333333
org.h2.test.recover.RecoverLobTest;40.0
org.h2.test.rowlock.TestRowLocks;205.66666666666666
org.h2.test.scripts.TestScript;23437.166666666668
org.h2.test.server.TestAutoServer;488.1666666666667
org.h2.test.server.TestInit;4.666666666666667
org.h2.test.server.TestJakartaWeb;0.6666666666666666
org.h2.test.server.TestNestedLoop;228.5
org.h2.test.server.TestWeb;2743.0
org.h2.test.store.TestCacheConcurrentLIRS;2001.0
org.h2.test.store.TestCacheLIRS;250.0
org.h2.test.store.TestCacheLongKeyLIRS;716.0
org.h2.test.store.TestDataUtils;696.0
org.h2.test.store.TestFreeSpace;2053.0
org.h2.test.store.TestKillProcessWhileWriting;2248.0
org.h2.test.store.TestMVRTree;541.0
org.h2.test.store.TestMVStore;1131.0
org.h2.test.store.TestMVStoreConcurrent;52457.0
org.h2.test.store.TestMVStoreStopCompact;4140.0
org.h2.test.store.TestMVStoreTool;129.0
org.h2.test.store.TestMVTableEngine;13.5
org.h2.test.store.TestObjectDataType;92.0
org.h2.test.store.TestRandomMapOps;2080.0
org.h2.test.store.TestSpinLock;31.0
org.h2.test.store.TestStreamStore;333.0
org.h2.test.store.TestTransactionStore;1135.0
org.h2.test.synth.TestBtreeIndex;1125.5
org.h2.test.synth.TestConcurrentUpdate;2137.8333333333335
org.h2.test.synth.TestCrashAPI;27399.25
org.h2.test.synth.TestDiskFull;411.3333333333333
org.h2.test.synth.TestFuzzOptimizations;194.56177606177607
org.h2.test.synth.TestKillRestart;1304.25
org.h2.test.synth.TestKillRestartMulti;2293.65
org.h2.test.synth.TestLimit;1881.0
org.h2.test.synth.TestMultiThreaded;2209.3333333333335
org.h2.test.synth.TestNestedJoins;642.1666666666666
org.h2.test.synth.TestOuterJoins;80.16666666666667
org.h2.test.synth.TestRandomCompare;138.33333333333334
org.h2.test.synth.TestRandomSQL;232.375
org.h2.test.unit.TestAnsCompression;208.0
org.h2.test.unit.TestAutoReconnect;9975.0
org.h2.test.unit.TestBinaryArithmeticStream;116.0
org.h2.test.unit.TestBinaryOperation;0.0
org.h2.test.unit.TestBitStream;180.0
org.h2.test.unit.TestBnf;78.0
org.h2.test.unit.TestCache;136.5
org.h2.test.unit.TestCharsetCollator;0.0
org.h2.test.unit.TestCollation;10.0
org.h2.test.unit.TestCompress;4498.5
org.h2.test.unit.TestConcurrentJdbc;79.0
org.h2.test.unit.TestConnectionInfo;6.0
org.h2.test.unit.TestDate;1599.0
org.h2.test.unit.TestDateIso8601;1.0
org.h2.test.unit.TestDateTimeUtils;2469.0
org.h2.test.unit.TestDbException;1.0
org.h2.test.unit.TestExit;4953.0
org.h2.test.unit.TestFile;90.0
org.h2.test.unit.TestFileLock;11004.0
org.h2.test.unit.TestFileLockProcess;4779.409090909091
org.h2.test.unit.TestFileSystem;17112.0
org.h2.test.unit.TestFtp;11.0
org.h2.test.unit.TestGeometryUtils;24.0
org.h2.test.unit.TestIntArray;18.0
org.h2.test.unit.TestIntPerfectHash;503.0
org.h2.test.unit.TestInterval;5.0
org.h2.test.unit.TestJakartaServlet;1458.0
org.h2.test.unit.TestJmx;31.0
org.h2.test.unit.TestJsonUtils;861.0
org.h2.test.unit.TestKeywords;411.0
org.h2.test.unit.TestLocale;6.333333333333333
org.h2.test.unit.TestMVTempResult;10077.0
org.h2.test.unit.TestMathUtils;17.0
org.h2.test.unit.TestMemoryUnmapper;482.0
org.h2.test.unit.TestMode;0.0
org.h2.test.unit.TestNetUtils;1337.0
org.h2.test.unit.TestObjectDeserialization;0.0
org.h2.test.unit.TestOverflow;96.0
org.h2.test.unit.TestPageStoreCoverage;899.0
org.h2.test.unit.TestPattern;45.0
org.h2.test.unit.TestPerfectHash;2230.0
org.h2.test.unit.TestPgServer;5863.0
org.h2.test.unit.TestReader;0.0
org.h2.test.unit.TestRecovery;154.0
org.h2.test.unit.TestSampleApps;398.0
org.h2.test.unit.TestScriptReader;27.0
org.h2.test.unit.TestSecurity;49.0
org.h2.test.unit.TestServlet;1460.0
org.h2.test.unit.TestShell;444.0
org.h2.test.unit.TestSort;698.0
org.h2.test.unit.TestStreams;20.0
org.h2.test.unit.TestStringCache;279.0
org.h2.test.unit.TestStringUtils;6.0
org.h2.test.unit.TestTimeStampWithTimeZone;57.5
org.h2.test.unit.TestTools;3358.5
org.h2.test.unit.TestTraceSystem;8.0
org.h2.test.unit.TestUpgrade;1714.0
org.h2.test.unit.TestUtils;790.0
org.h2.test.unit.TestValue;11.0
org.h2.test.unit.TestValueMemory;16867.0