Test File,Test case,Runtime in ms
org.eclipse.rdf4j.common.app.AppVersionTest,AppVersionTest,98.0
org.eclipse.rdf4j.common.io.ByteArrayUtilTest,ByteArrayUtilTest,11.0
org.eclipse.rdf4j.common.io.ZipUtilTest,ZipUtilTest,3.0
org.eclipse.rdf4j.common.iteration.AllTests,AllTests,71.0
org.eclipse.rdf4j.common.iteration.AutoClosingIterationTest,AutoClosingIterationTest,6.0
org.eclipse.rdf4j.common.iteration.CloseableIteratorIterationTest,CloseableIteratorIterationTest,0.5
org.eclipse.rdf4j.common.iteration.ConvertingIterationTest,ConvertingIterationTest,1.0
org.eclipse.rdf4j.common.iteration.DelayedIterationTest,DelayedIterationTest,4.5
org.eclipse.rdf4j.common.iteration.DistinctIntersectionIterationTest,DistinctIntersectionIterationTest,1.5
org.eclipse.rdf4j.common.iteration.DistinctIterationTest,DistinctIterationTest,0.5
org.eclipse.rdf4j.common.iteration.DistinctMinusIterationTest,DistinctMinusIterationTest,1.5
org.eclipse.rdf4j.common.iteration.EmptyIterationTest,EmptyIterationTest,1.0
org.eclipse.rdf4j.common.iteration.ExceptionConvertingIterationTest,ExceptionConvertingIterationTest,1.5
org.eclipse.rdf4j.common.iteration.FilterIterationTest,FilterIterationTest,2.0
org.eclipse.rdf4j.common.iteration.IntersectionIterationTest,IntersectionIterationTest,4.0
org.eclipse.rdf4j.common.iteration.IteratorIterationTest,IteratorIterationTest,1.0
org.eclipse.rdf4j.common.iteration.LimitIterationTest,LimitIterationTest,4.5
org.eclipse.rdf4j.common.iteration.LookAheadIterationTest,LookAheadIterationTest,1.0
org.eclipse.rdf4j.common.iteration.MinusIterationTest,MinusIterationTest,0.5
org.eclipse.rdf4j.common.iteration.OffsetIterationTest,OffsetIterationTest,1.5
org.eclipse.rdf4j.common.iteration.SilentIterationTest,SilentIterationTest,552.0
org.eclipse.rdf4j.common.iteration.SingletonIterationTest,SingletonIterationTest,1.0
org.eclipse.rdf4j.common.iteration.UnionIterationTest,UnionIterationTest,1.0
org.eclipse.rdf4j.common.net.ParsedIRITest,ParsedIRITest,184.0
org.eclipse.rdf4j.common.net.ParsedURITest,ParsedURITest,41.0
org.eclipse.rdf4j.common.text.StringUtilTest,StringUtilTest,33.0
org.eclipse.rdf4j.common.transaction.IsolationLevelsTest,IsolationLevelsTest,16.0
org.eclipse.rdf4j.common.webapp.navigation.NavigationTest,NavigationTest,65.0
org.eclipse.rdf4j.common.webapp.util.HttpServerUtilTest,HttpServerUtilTest,9.0
org.eclipse.rdf4j.console.ConsoleIOTest,ConsoleIOTest,981.0
org.eclipse.rdf4j.console.UtilTest,UtilTest,1.0
org.eclipse.rdf4j.console.command.ConvertTest,ConvertTest,246.0
org.eclipse.rdf4j.console.command.DropTest,DropTest,87.0
org.eclipse.rdf4j.console.command.ExportTest,ExportTest,767.0
org.eclipse.rdf4j.console.command.FederateTest,FederateTest,451.0
org.eclipse.rdf4j.console.command.LoadTest,LoadTest,47.0
org.eclipse.rdf4j.console.command.SetParametersTest,SetParametersTest,6.0
org.eclipse.rdf4j.console.command.SparqlTest,SparqlTest,157.0
org.eclipse.rdf4j.console.command.VerifyTest,VerifyTest,835.0
org.eclipse.rdf4j.console.setting.ConsoleWidthTest,ConsoleWidthTest,1.0
org.eclipse.rdf4j.console.setting.LogLevelTest,LogLevelTest,19.0
org.eclipse.rdf4j.console.setting.PrefixesTest,PrefixesTest,6.0
org.eclipse.rdf4j.console.setting.QueryPrefixTest,QueryPrefixTest,3.0
org.eclipse.rdf4j.console.setting.ShowPrefixTest,ShowPrefixTest,2.0
org.eclipse.rdf4j.federated.BasicTests,BasicTests,2923.3333333333335
org.eclipse.rdf4j.federated.BindTests,BindTests,225.33333333333334
org.eclipse.rdf4j.federated.BoundJoinTests,BoundJoinTests,236.66666666666666
org.eclipse.rdf4j.federated.DistinctTests,DistinctTests,169.66666666666666
org.eclipse.rdf4j.federated.FedXFactoryTest,FedXFactoryTest,134.0
org.eclipse.rdf4j.federated.FedXInRDF4JWorkbenchTest,FedXInRDF4JWorkbenchTest,17.0
org.eclipse.rdf4j.federated.FedXWithInferenceTest,FedXWithInferenceTest,86.33333333333333
org.eclipse.rdf4j.federated.FedXWithLocalRepositoryManagerTest,FedXWithLocalRepositoryManagerTest,110.66666666666667
org.eclipse.rdf4j.federated.FilterTests,FilterTests,320.6666666666667
org.eclipse.rdf4j.federated.MediumTests,MediumTests,1193.6666666666667
org.eclipse.rdf4j.federated.NamedGraphTests,NamedGraphTests,507.6666666666667
org.eclipse.rdf4j.federated.OptionalTests,OptionalTests,300.3333333333333
org.eclipse.rdf4j.federated.PropertyPathTests,PropertyPathTests,295.3333333333333
org.eclipse.rdf4j.federated.QueryManagerTest,QueryManagerTest,4.333333333333333
org.eclipse.rdf4j.federated.QueryPlanTest,QueryPlanTest,275.3333333333333
org.eclipse.rdf4j.federated.SPARQL1_1Tests,SPARQL1_1Tests,179.33333333333334
org.eclipse.rdf4j.federated.SubSelectTests,SubSelectTests,90.0
org.eclipse.rdf4j.federated.cache.SourceSelectionMemoryCacheTest,SourceSelectionMemoryCacheTest,248.0
org.eclipse.rdf4j.federated.evaluation.FederationEvalStrategyTest,FederationEvalStrategyTest,99.0
org.eclipse.rdf4j.federated.evaluation.concurrent.TaskWrapperIntegrationTest,TaskWrapperIntegrationTest,144.0
org.eclipse.rdf4j.federated.evaluation.join.HashJoinTest,HashJoinTest,3.6666666666666665
org.eclipse.rdf4j.federated.misc.PrefixTests,PrefixTests,222.0
org.eclipse.rdf4j.federated.optimizer.FilterOptimizerTest,Federated_FilterOptimizerTest,488.6666666666667
org.eclipse.rdf4j.federated.optimizer.JoinOptimizerTest,JoinOptimizerTest,103.66666666666667
org.eclipse.rdf4j.federated.optimizer.OptimizerTest,OptimizerTest,165.66666666666666
org.eclipse.rdf4j.federated.repository.FedXRepositoryConfigTest,FedXRepositoryConfigTest,104.33333333333333
org.eclipse.rdf4j.federated.util.FilterUtilTest,FilterUtilTest,199.66666666666666
org.eclipse.rdf4j.federated.write.RepositoryWriteStrategyTest,RepositoryWriteStrategyTest,753.0
org.eclipse.rdf4j.federated.write.WriteTest,WriteTest,176.0
org.eclipse.rdf4j.http.client.BackgroundGraphResultHangTest,BackgroundGraphResultHangTest,18.0
org.eclipse.rdf4j.http.client.RDF4JProtocolSessionTest,RDF4JProtocolSessionTest,6562.0
org.eclipse.rdf4j.http.client.SPARQLProtocolSessionTest,SPARQLProtocolSessionTest,1015.0
org.eclipse.rdf4j.http.protocol.ProtocolTest,ProtocolTest,29.0
org.eclipse.rdf4j.http.protocol.transaction.TransactionReaderTest,TransactionReaderTest,363.0
org.eclipse.rdf4j.http.server.repository.RepositoryControllerTest,RepositoryControllerTest,671.0
org.eclipse.rdf4j.http.server.repository.config.ConfigControllerTest,ConfigControllerTest,27.0
org.eclipse.rdf4j.http.server.repository.config.ConfigViewTest,ConfigViewTest,23.0
org.eclipse.rdf4j.http.server.repository.statements.TestExportStatementsView,TestExportStatementsView,14.0
org.eclipse.rdf4j.http.server.repository.statements.TestStatementsController,TestStatementsController,161.0
org.eclipse.rdf4j.http.server.repository.transaction.TestBnodesUniquenessInTransactions,TestBnodesUniquenessInTransactions,815.0
org.eclipse.rdf4j.http.server.repository.transaction.TransactionStartControllerTest,TransactionStartControllerTest,99.0
org.eclipse.rdf4j.model.base.AbstractBNodeTest,AbstractBNodeTest,123.0
org.eclipse.rdf4j.model.base.AbstractIRITest,AbstractIRITest,32.0
org.eclipse.rdf4j.model.base.AbstractLiteralTest,AbstractLiteralTest,321.0
org.eclipse.rdf4j.model.base.AbstractNamespaceTest,AbstractNamespaceTest,16.0
org.eclipse.rdf4j.model.base.AbstractStatementTest,AbstractStatementTest,14.0
org.eclipse.rdf4j.model.base.AbstractTripleTest,AbstractTripleTest,6.0
org.eclipse.rdf4j.model.base.AbstractValueFactoryTest,AbstractValueFactoryTest,61.0
org.eclipse.rdf4j.model.datatypes.DateTimeTest,DateTimeTest,23.0
org.eclipse.rdf4j.model.datatypes.XMLDatatypeUtilTest,XMLDatatypeUtilTest,17.0
org.eclipse.rdf4j.model.impl.ContextStatementTest,ContextStatementTest,1.0
org.eclipse.rdf4j.model.impl.DynamicModelConcurrentModificationAndUpgradeTest,DynamicModelConcurrentModificationAndUpgradeTest,1.0
org.eclipse.rdf4j.model.impl.ModelCollectionTest,ModelCollectionTest,1942.0
org.eclipse.rdf4j.model.impl.SimpleBNodeTest,SimpleBNodeTest,113.0
org.eclipse.rdf4j.model.impl.SimpleIRITest,SimpleIRITest,2.0
org.eclipse.rdf4j.model.impl.SimpleLiteralTest,SimpleLiteralTest,171.0
org.eclipse.rdf4j.model.impl.SimpleNamespaceTest,SimpleNamespaceTest,9.0
org.eclipse.rdf4j.model.impl.SimpleStatementTest,SimpleStatementTest,2.0
org.eclipse.rdf4j.model.impl.SimpleTripleTest,SimpleTripleTest,1.0
org.eclipse.rdf4j.model.impl.SimpleValueFactoryTest,SimpleValueFactoryTest,27.0
org.eclipse.rdf4j.model.util.GraphComparisonsTest,GraphComparisonsTest,199.0
org.eclipse.rdf4j.model.util.ModelBuilderTest,ModelBuilderTest,7.0
org.eclipse.rdf4j.model.util.ModelCollectorTest,ModelCollectorTest,2.0
org.eclipse.rdf4j.model.util.ModelsTest,ModelsTest,73.0
org.eclipse.rdf4j.model.util.NamespacesTest,NamespacesTest,8.0
org.eclipse.rdf4j.model.util.RDFCollectionsTest,RDFCollectionsTest,53.0
org.eclipse.rdf4j.model.util.RDFContainersTest,RDFContainersTest,15.0
org.eclipse.rdf4j.model.util.StatementsTest,StatementsTest,12.0
org.eclipse.rdf4j.model.util.URIUtilTest,URIUtilTest,13.0
org.eclipse.rdf4j.model.util.ValuesTest,ValuesTest,16.0
org.eclipse.rdf4j.model.util.VocabulariesTest,VocabulariesTest,17.0
org.eclipse.rdf4j.query.QueryResultsTest,QueryResultsTest,303.0
org.eclipse.rdf4j.query.algebra.AbstractQueryModelNodeTest,AbstractQueryModelNodeTest,13.0
org.eclipse.rdf4j.query.algebra.evaluation.QueryBindingSetTest,QueryBindingSetTest,6.0
org.eclipse.rdf4j.query.algebra.evaluation.function.datetime.TimezoneTest,TimezoneTest,3.0
org.eclipse.rdf4j.query.algebra.evaluation.function.datetime.TzTest,TzTest,2.0
org.eclipse.rdf4j.query.algebra.evaluation.function.geosparql.BoundaryTest,BoundaryTest,21.0
org.eclipse.rdf4j.query.algebra.evaluation.function.geosparql.BufferTest,BufferTest,132.0
org.eclipse.rdf4j.query.algebra.evaluation.function.geosparql.ConvexHullTest,ConvexHullTest,1.0
org.eclipse.rdf4j.query.algebra.evaluation.function.geosparql.DifferenceTest,DifferenceTest,14.0
org.eclipse.rdf4j.query.algebra.evaluation.function.geosparql.DistanceTest,DistanceTest,8.0
org.eclipse.rdf4j.query.algebra.evaluation.function.geosparql.EhContainsTest,EhContainsTest,5.0
org.eclipse.rdf4j.query.algebra.evaluation.function.geosparql.EhCoveredByTest,EhCoveredByTest,2.0
org.eclipse.rdf4j.query.algebra.evaluation.function.geosparql.EhCoversTest,EhCoversTest,9.0
org.eclipse.rdf4j.query.algebra.evaluation.function.geosparql.EhDisjointTest,EhDisjointTest,32.0
org.eclipse.rdf4j.query.algebra.evaluation.function.geosparql.EhEqualsTest,EhEqualsTest,9.0
org.eclipse.rdf4j.query.algebra.evaluation.function.geosparql.EhInsideTest,EhInsideTest,15.0
org.eclipse.rdf4j.query.algebra.evaluation.function.geosparql.EhMeetTest,EhMeetTest,17.0
org.eclipse.rdf4j.query.algebra.evaluation.function.geosparql.EhOverlapTest,EhOverlapTest,29.0
org.eclipse.rdf4j.query.algebra.evaluation.function.geosparql.EnvelopeTest,EnvelopeTest,9.0
org.eclipse.rdf4j.query.algebra.evaluation.function.geosparql.IntersectionTest,IntersectionTest,27.0
org.eclipse.rdf4j.query.algebra.evaluation.function.geosparql.RCC8DCTest,RCC8DCTest,16.0
org.eclipse.rdf4j.query.algebra.evaluation.function.geosparql.RCC8ECTest,RCC8ECTest,58.0
org.eclipse.rdf4j.query.algebra.evaluation.function.geosparql.RCC8EQTest,RCC8EQTest,1.0
org.eclipse.rdf4j.query.algebra.evaluation.function.geosparql.RCC8NTPPITest,RCC8NTPPITest,25.0
org.eclipse.rdf4j.query.algebra.evaluation.function.geosparql.RCC8NTPPTest,RCC8NTPPTest,12.0
org.eclipse.rdf4j.query.algebra.evaluation.function.geosparql.RCC8POTest,RCC8POTest,16.0
org.eclipse.rdf4j.query.algebra.evaluation.function.geosparql.RCC8TPPITest,RCC8TPPITest,11.0
org.eclipse.rdf4j.query.algebra.evaluation.function.geosparql.RCC8TPPTest,RCC8TPPTest,9.0
org.eclipse.rdf4j.query.algebra.evaluation.function.geosparql.SfContainsTest,SfContainsTest,21.0
org.eclipse.rdf4j.query.algebra.evaluation.function.geosparql.SfCrossesTest,SfCrossesTest,1.0
org.eclipse.rdf4j.query.algebra.evaluation.function.geosparql.SfDisjointTest,SfDisjointTest,9.0
org.eclipse.rdf4j.query.algebra.evaluation.function.geosparql.SfEqualsTest,SfEqualsTest,155.0
org.eclipse.rdf4j.query.algebra.evaluation.function.geosparql.SfIntersectsTest,SfIntersectsTest,9.0
org.eclipse.rdf4j.query.algebra.evaluation.function.geosparql.SfOverlapsTest,SfOverlapsTest,16.0
org.eclipse.rdf4j.query.algebra.evaluation.function.geosparql.SfTouchesTest,SfTouchesTest,1.0
org.eclipse.rdf4j.query.algebra.evaluation.function.geosparql.SfWithinTest,SfWithinTest,376.0
org.eclipse.rdf4j.query.algebra.evaluation.function.geosparql.SymmetricDifferenceTest,SymmetricDifferenceTest,17.0
org.eclipse.rdf4j.query.algebra.evaluation.function.geosparql.UnionTest,UnionTest,9.0
org.eclipse.rdf4j.query.algebra.evaluation.function.hash.HashLeadingZeroTest,HashLeadingZeroTest,1.0
org.eclipse.rdf4j.query.algebra.evaluation.function.hash.MD5Test,MD5Test,2.0
org.eclipse.rdf4j.query.algebra.evaluation.function.hash.SHA1Test,SHA1Test,4.0
org.eclipse.rdf4j.query.algebra.evaluation.function.hash.SHA256Test,SHA256Test,2.0
org.eclipse.rdf4j.query.algebra.evaluation.function.hash.SHA384Test,SHA384Test,2.0
org.eclipse.rdf4j.query.algebra.evaluation.function.hash.SHA512Test,SHA512Test,2.0
org.eclipse.rdf4j.query.algebra.evaluation.function.numeric.RandTest,RandTest,1.0
org.eclipse.rdf4j.query.algebra.evaluation.function.numeric.RoundTest,RoundTest,2.0
org.eclipse.rdf4j.query.algebra.evaluation.function.string.ConcatTest,ConcatTest,2.0
org.eclipse.rdf4j.query.algebra.evaluation.function.string.LowerCaseTest,LowerCaseTest,1.0
org.eclipse.rdf4j.query.algebra.evaluation.function.string.RegexTest,RegexTest,3.0
org.eclipse.rdf4j.query.algebra.evaluation.function.string.ReplaceTest,ReplaceTest,3.0
org.eclipse.rdf4j.query.algebra.evaluation.function.string.StrAfterTest,StrAfterTest,5.0
org.eclipse.rdf4j.query.algebra.evaluation.function.string.StrBeforeTest,StrBeforeTest,4.0
org.eclipse.rdf4j.query.algebra.evaluation.function.string.SubstringTest,SubstringTest,4.0
org.eclipse.rdf4j.query.algebra.evaluation.function.string.UpperCaseTest,UpperCaseTest,2.0
org.eclipse.rdf4j.query.algebra.evaluation.function.triple.IsTripleFunctionTest,IsTripleFunctionTest,0.0
org.eclipse.rdf4j.query.algebra.evaluation.function.triple.StatementFunctionTest,StatementFunctionTest,5.0
org.eclipse.rdf4j.query.algebra.evaluation.function.triple.TripleObjectFunctionTest,TripleObjectFunctionTest,1.0
org.eclipse.rdf4j.query.algebra.evaluation.function.triple.TriplePredicateFunctionTest,TriplePredicateFunctionTest,2.0
org.eclipse.rdf4j.query.algebra.evaluation.function.triple.TripleSubjectFunctionTest,TripleSubjectFunctionTest,2.0
org.eclipse.rdf4j.query.algebra.evaluation.function.xsd.TestByteCast,TestByteCast,2.0
org.eclipse.rdf4j.query.algebra.evaluation.function.xsd.TestDateTimeCast,TestDateTimeCast,3.0
org.eclipse.rdf4j.query.algebra.evaluation.function.xsd.TestIntCast,TestIntCast,2.0
org.eclipse.rdf4j.query.algebra.evaluation.function.xsd.TestIntegerCast,TestIntegerCast,2.0
org.eclipse.rdf4j.query.algebra.evaluation.function.xsd.TestLongCast,TestLongCast,2.0
org.eclipse.rdf4j.query.algebra.evaluation.function.xsd.TestNegativeIntegerCast,TestNegativeIntegerCast,2.0
org.eclipse.rdf4j.query.algebra.evaluation.function.xsd.TestNonNegativeInteger,TestNonNegativeInteger,1.0
org.eclipse.rdf4j.query.algebra.evaluation.function.xsd.TestNonPositiveIntegerCast,TestNonPositiveIntegerCast,1.0
org.eclipse.rdf4j.query.algebra.evaluation.function.xsd.TestPositiveIntegerCast,TestPositiveIntegerCast,2.0
org.eclipse.rdf4j.query.algebra.evaluation.function.xsd.TestShortCast,TestShortCast,2.0
org.eclipse.rdf4j.query.algebra.evaluation.function.xsd.TestStringCast,TestStringCast,3.0
org.eclipse.rdf4j.query.algebra.evaluation.function.xsd.TestUnsignedByteCast,TestUnsignedByteCast,1.0
org.eclipse.rdf4j.query.algebra.evaluation.function.xsd.TestUnsignedIntCast,TestUnsignedIntCast,2.0
org.eclipse.rdf4j.query.algebra.evaluation.function.xsd.TestUnsignedLongCast,TestUnsignedLongCast,8.0
org.eclipse.rdf4j.query.algebra.evaluation.function.xsd.TestUnsignedShortCast,TestUnsignedShortCast,3.0
org.eclipse.rdf4j.query.algebra.evaluation.impl.BindingAssignerTest,BindingAssignerTest,6.0
org.eclipse.rdf4j.query.algebra.evaluation.impl.BindingSetAssignmentInlinerTest,BindingSetAssignmentInlinerTest,3.0
org.eclipse.rdf4j.query.algebra.evaluation.impl.CompareOptimizerTest,CompareOptimizerTest,4.0
org.eclipse.rdf4j.query.algebra.evaluation.impl.ConjunctiveConstraintSplitterTest,ConjunctiveConstraintSplitterTest,4.0
org.eclipse.rdf4j.query.algebra.evaluation.impl.ConstantOptimizerTest,ConstantOptimizerTest,753.0
org.eclipse.rdf4j.query.algebra.evaluation.impl.DisjunctiveConstraintOptimizerTest,DisjunctiveConstraintOptimizerTest,5.0
org.eclipse.rdf4j.query.algebra.evaluation.impl.EvaluationStatisticsTest,Algebra_EvaluationStatisticsTest,1.0
org.eclipse.rdf4j.query.algebra.evaluation.impl.EvaluationStrategyWithRDFStarTest,EvaluationStrategyWithRDFStarTest,15.0
org.eclipse.rdf4j.query.algebra.evaluation.impl.FilterOptimizerTest,Algebra_FilterOptimizerTest,4.0
org.eclipse.rdf4j.query.algebra.evaluation.impl.IterativeEvaluationOptimizerTest,IterativeEvaluationOptimizerTest,5.0
org.eclipse.rdf4j.query.algebra.evaluation.impl.OrderLimitOptimizerTest,OrderLimitOptimizerTest,4.0
org.eclipse.rdf4j.query.algebra.evaluation.impl.ParentReferenceCleanerTest,ParentReferenceCleanerTest,42.0
org.eclipse.rdf4j.query.algebra.evaluation.impl.QueryCostEstimatesTest,QueryCostEstimatesTest,38.0
org.eclipse.rdf4j.query.algebra.evaluation.impl.QueryJoinOptimizerEmptyStatisticsTest,QueryJoinOptimizerEmptyStatisticsTest,14.5
org.eclipse.rdf4j.query.algebra.evaluation.impl.QueryJoinOptimizerTest,QueryJoinOptimizerTest,6.0
org.eclipse.rdf4j.query.algebra.evaluation.impl.QueryModelNormalizerTest,QueryModelNormalizerTest,11.0
org.eclipse.rdf4j.query.algebra.evaluation.impl.RegexAsStringFunctionOptimizerTest,RegexAsStringFunctionOptimizerTest,417.0
org.eclipse.rdf4j.query.algebra.evaluation.impl.RegexAsStringFunctionOptimizierTest,RegexAsStringFunctionOptimizierTest,8.0
org.eclipse.rdf4j.query.algebra.evaluation.impl.SameTermFilterOptimizerTest,SameTermFilterOptimizerTest,5.0
org.eclipse.rdf4j.query.algebra.evaluation.impl.StrictEvaluationStrategyTest,StrictEvaluationStrategyTest,41.0
org.eclipse.rdf4j.query.algebra.evaluation.impl.UnionScopeChangeOptimizerTest,UnionScopeChangeOptimizerTest,12.0
org.eclipse.rdf4j.query.algebra.evaluation.iterator.GroupIteratorTest,GroupIteratorTest,21.0
org.eclipse.rdf4j.query.algebra.evaluation.iterator.HashJoinIterationTest,HashJoinIterationTest,7.0
org.eclipse.rdf4j.query.algebra.evaluation.iterator.JoinIteratorTest,JoinIteratorTest,9.0
org.eclipse.rdf4j.query.algebra.evaluation.iterator.OrderIteratorTest,OrderIteratorTest,19.0
org.eclipse.rdf4j.query.algebra.evaluation.iterator.ZeroLengthPathIterationTest,ZeroLengthPathIterationTest,9.0
org.eclipse.rdf4j.query.algebra.evaluation.util.LiteralComparatorTest,LiteralComparatorTest,29.0
org.eclipse.rdf4j.query.algebra.evaluation.util.OrderComparatorTest,OrderComparatorTest,7.0
org.eclipse.rdf4j.query.algebra.evaluation.util.QueryEvaluationUtilTest,QueryEvaluationUtilTest,27.0
org.eclipse.rdf4j.query.algebra.evaluation.util.ValueComparatorTest,ValueComparatorTest,19.0
org.eclipse.rdf4j.query.algebra.evaluation.util.XMLDatatypeMathUtilTest,XMLDatatypeMathUtilTest,1.0
org.eclipse.rdf4j.query.algebra.helpers.TupleExprsTest,TupleExprsTest,124.0
org.eclipse.rdf4j.query.impl.ListBindingSetTest,ListBindingSetTest,6.0
org.eclipse.rdf4j.query.impl.MapBindingSetTest,MapBindingSetTest,1.0
org.eclipse.rdf4j.query.parser.QueryParserUtilTest,QueryParserUtilTest,1.0
org.eclipse.rdf4j.query.parser.QueryPrologLexerTest,QueryPrologLexerTest,22.0
org.eclipse.rdf4j.query.parser.sparql.SPARQLParserTest,SPARQLParserTest,379.0
org.eclipse.rdf4j.query.parser.sparql.SPARQLQueriesTest,SPARQLQueriesTest,2.0
org.eclipse.rdf4j.query.parser.sparql.SPARQLUpdateDataBlockParserTest,SPARQLUpdateDataBlockParserTest,5.0
org.eclipse.rdf4j.query.parser.sparql.TestPropPathMisbehaviour,TestPropPathMisbehaviour,4.0
org.eclipse.rdf4j.query.parser.sparql.TestServiceUpdateExprBuilder,TestServiceUpdateExprBuilder,2.0
org.eclipse.rdf4j.query.parser.sparql.TestSparqlStarParser,TestSparqlStarParser,27.0
org.eclipse.rdf4j.query.parser.sparql.TupleExprBuilderTest,TupleExprBuilderTest,12.0
org.eclipse.rdf4j.query.parser.sparql.WildcardProjectionProcessorTest,WildcardProjectionProcessorTest,13.0
org.eclipse.rdf4j.query.resultio.binary.BinaryTupleQueryResultWriterTest,BinaryTupleQueryResultWriterTest,356.0
org.eclipse.rdf4j.query.resultio.binary.SPARQLBinaryTupleBackgroundTest,SPARQLBinaryTupleBackgroundTest,68.0
org.eclipse.rdf4j.query.resultio.binary.SPARQLBinaryTupleTest,SPARQLBinaryTupleTest,86.0
org.eclipse.rdf4j.query.resultio.sparqljson.SPARQLJSONBooleanTest,SPARQLJSONBooleanTest,15.0
org.eclipse.rdf4j.query.resultio.sparqljson.SPARQLJSONParserCustomTest,SPARQLJSONParserCustomTest,43.0
org.eclipse.rdf4j.query.resultio.sparqljson.SPARQLJSONTupleBackgroundTest,SPARQLJSONTupleBackgroundTest,34.0
org.eclipse.rdf4j.query.resultio.sparqljson.SPARQLJSONTupleTest,SPARQLJSONTupleTest,44.0
org.eclipse.rdf4j.query.resultio.sparqljson.SPARQLResultsJSONWriterTest,SPARQLResultsJSONWriterTest,138.0
org.eclipse.rdf4j.query.resultio.sparqljson.SPARQLStarJSONTupleBackgroundTest,SPARQLStarJSONTupleBackgroundTest,442.0
org.eclipse.rdf4j.query.resultio.sparqljson.SPARQLStarJSONTupleTest,SPARQLStarJSONTupleTest,52.0
org.eclipse.rdf4j.query.resultio.sparqljson.SPARQLStarResultsJSONWriterTest,SPARQLStarResultsJSONWriterTest,8.0
org.eclipse.rdf4j.query.resultio.sparqlxml.SPARQLStarXMLTupleBackgroundTest,SPARQLStarXMLTupleBackgroundTest,94.0
org.eclipse.rdf4j.query.resultio.sparqlxml.SPARQLStarXMLTupleQueryResultWriterTest,SPARQLStarXMLTupleQueryResultWriterTest,94.0
org.eclipse.rdf4j.query.resultio.sparqlxml.SPARQLStarXMLTupleTest,SPARQLStarXMLTupleTest,43.0
org.eclipse.rdf4j.query.resultio.sparqlxml.SPARQLXMLBooleanTest,SPARQLXMLBooleanTest,51.0
org.eclipse.rdf4j.query.resultio.sparqlxml.SPARQLXMLTupleBackgroundTest,SPARQLXMLTupleBackgroundTest,55.0
org.eclipse.rdf4j.query.resultio.sparqlxml.SPARQLXMLTupleQueryResultWriterTest,SPARQLXMLTupleQueryResultWriterTest,6.0
org.eclipse.rdf4j.query.resultio.sparqlxml.SPARQLXMLTupleTest,SPARQLXMLTupleTest,30.5
org.eclipse.rdf4j.query.resultio.text.SPARQLTextBooleanTest,SPARQLTextBooleanTest,13.0
org.eclipse.rdf4j.query.resultio.text.csv.SPARQLCSVTupleBackgroundTest,SPARQLCSVTupleBackgroundTest,108.5
org.eclipse.rdf4j.query.resultio.text.csv.SPARQLCSVTupleQueryResultWriterTest,SPARQLCSVTupleQueryResultWriterTest,15.0
org.eclipse.rdf4j.query.resultio.text.csv.SPARQLCSVTupleTest,SPARQLCSVTupleTest,138.5
org.eclipse.rdf4j.query.resultio.text.tsv.SPARQLStarTSVTupleBackgroundTest,SPARQLStarTSVTupleBackgroundTest,322.0
org.eclipse.rdf4j.query.resultio.text.tsv.SPARQLStarTSVTupleQueryResultWriterTest,SPARQLStarTSVTupleQueryResultWriterTest,58.0
org.eclipse.rdf4j.query.resultio.text.tsv.SPARQLStarTSVTupleTest,SPARQLStarTSVTupleTest,198.0
org.eclipse.rdf4j.query.resultio.text.tsv.SPARQLTSVTupleBackgroundTest,SPARQLTSVTupleBackgroundTest,98.5
org.eclipse.rdf4j.query.resultio.text.tsv.SPARQLTSVTupleQueryResultWriterTest,SPARQLTSVTupleQueryResultWriterTest,39.0
org.eclipse.rdf4j.query.resultio.text.tsv.SPARQLTSVTupleTest,SPARQLTSVTupleTest,155.5
org.eclipse.rdf4j.queryrender.RenderUtilsTest,RenderUtilsTest,2.0
org.eclipse.rdf4j.queryrender.SPARQLQueryRenderTest,SPARQLQueryRenderTest,264.0
org.eclipse.rdf4j.repository.config.TestConfigTemplate,TestConfigTemplate,7.0
org.eclipse.rdf4j.repository.contextaware.ContextAwareConnectionTest,ContextAwareConnectionTest,118.0
org.eclipse.rdf4j.repository.event.InterceptorTest,InterceptorTest,178.0
org.eclipse.rdf4j.repository.event.NotifyingTest,NotifyingTest,1.0
org.eclipse.rdf4j.repository.manager.LocalRepositoryManagerTest,LocalRepositoryManagerTest,478.0
org.eclipse.rdf4j.repository.manager.RemoteRepositoryManagerTest,RemoteRepositoryManagerTest,1254.0
org.eclipse.rdf4j.repository.manager.RepositoryManagerTest,RepositoryManagerTest,333.0
org.eclipse.rdf4j.repository.sail.SailRepositoryConnectionTest,SailRepositoryConnectionTest,839.0
org.eclipse.rdf4j.repository.sail.config.TestProxyRepositoryFactory,TestProxyRepositoryFactory,137.0
org.eclipse.rdf4j.repository.sparql.SPARQLConnectionTest,SPARQLConnectionTest,605.0
org.eclipse.rdf4j.repository.sparql.SPARQLRepositoryTest,SPARQLRepositoryTest,287.0
org.eclipse.rdf4j.repository.sparql.config.SPARQLRepositoryConfigTest,SPARQLRepositoryConfigTest,29.0
org.eclipse.rdf4j.repository.sparql.config.SPARQLRepositoryFactoryTest,SPARQLRepositoryFactoryTest,4.0
org.eclipse.rdf4j.repository.sparql.federation.RepositoryFederatedServiceTest,RepositoryFederatedServiceTest,6.0
org.eclipse.rdf4j.repository.sparql.query.QueryStringUtilTest,QueryStringUtilTest,6.0
org.eclipse.rdf4j.repository.sparql.query.SPARQLQueryBindingSetTest,SPARQLQueryBindingSetTest,8.0
org.eclipse.rdf4j.repository.util.RDFLoaderTest,RDFLoaderTest,2006.0
org.eclipse.rdf4j.rio.RioConfigTest,RioConfigTest,15.0
org.eclipse.rdf4j.rio.binary.BinaryHandlingTest,BinaryHandlingTest,509.0
org.eclipse.rdf4j.rio.datatypes.VirtuosoGeometryPointDatatypeHandlerTest,VirtuosoGeometryPointDatatypeHandlerTest,9.0
org.eclipse.rdf4j.rio.datatypes.XMLSchemaDoubleDatatypeHandlerTest,XMLSchemaDoubleDatatypeHandlerTest,43.0
org.eclipse.rdf4j.rio.hdt.CRC16Test,CRC16Test,6.0
org.eclipse.rdf4j.rio.hdt.CRC32Test,CRC32Test,6.0
org.eclipse.rdf4j.rio.hdt.CRC8Test,CRC8Test,21.0
org.eclipse.rdf4j.rio.hdt.HDTParserTest,HDTParserTest,257.0
org.eclipse.rdf4j.rio.hdt.VByteTest,VByteTest,6.0
org.eclipse.rdf4j.rio.helpers.AbstractRDFParserTest,AbstractRDFParserTest,26.0
org.eclipse.rdf4j.rio.helpers.BasicParserSettingsTest,BasicParserSettingsTest,1.0
org.eclipse.rdf4j.rio.helpers.LongRioSettingTest,LongRioSettingTest,4.0
org.eclipse.rdf4j.rio.helpers.NTriplesUtilTest,NTriplesUtilTest,27.0
org.eclipse.rdf4j.rio.helpers.RDFStarUtilTest,RDFStarUtilTest,3.0
org.eclipse.rdf4j.rio.helpers.RioFileTypeDetectorTest,RioFileTypeDetectorTest,2.0
org.eclipse.rdf4j.rio.helpers.StatementCollectorTest,StatementCollectorTest,5.0
org.eclipse.rdf4j.rio.jsonld.JSONLDHierarchicalWriterTest,JSONLDHierarchicalWriterTest,75.0
org.eclipse.rdf4j.rio.jsonld.JSONLDInternalTripleCallbackTest,JSONLDInternalTripleCallbackTest,1.0
org.eclipse.rdf4j.rio.jsonld.JSONLDParserHandlerTest,JSONLDParserHandlerTest,49.0
org.eclipse.rdf4j.rio.n3.N3ParserTest,N3ParserTest,21.0
org.eclipse.rdf4j.rio.ndjsonld.NDJSONLDParserHandlerTest,NDJSONLDParserHandlerTest,238.0
org.eclipse.rdf4j.rio.ndjsonld.NDJSONLDParserTest,NDJSONLDParserTest,468.0
org.eclipse.rdf4j.rio.nquads.NQuadsHandlingTest,NQuadsHandlingTest,174.0
org.eclipse.rdf4j.rio.nquads.NQuadsParserUnitTest,NQuadsParserUnitTest,492.0
org.eclipse.rdf4j.rio.ntriples.NTriplesHandlingTest,NTriplesHandlingTest,147.0
org.eclipse.rdf4j.rio.ntriples.NTriplesParserUnitTest,NTriplesParserUnitTest,472.0
org.eclipse.rdf4j.rio.rdfjson.RDFJSONHandlingTest,RDFJSONHandlingTest,576.0
org.eclipse.rdf4j.rio.rdfjson.RDFJSONMimeTypeTest,RDFJSONMimeTypeTest,1.0
org.eclipse.rdf4j.rio.rdfjson.RDFJSONParserCustomTest,RDFJSONParserCustomTest,31.0
org.eclipse.rdf4j.rio.rdfxml.RDFXMLBaseURIHandlingTest,RDFXMLBaseURIHandlingTest,13.0
org.eclipse.rdf4j.rio.rdfxml.RDFXMLHandlingTest,RDFXMLHandlingTest,78.0
org.eclipse.rdf4j.rio.rdfxml.RDFXMLParserTest,RDFXMLParserTest,52.0
org.eclipse.rdf4j.rio.rdfxml.RDFXMLPrettyWriterBackgroundTest,RDFXMLPrettyWriterBackgroundTest,581.0
org.eclipse.rdf4j.rio.rdfxml.RDFXMLPrettyWriterTest,RDFXMLPrettyWriterTest,669.0
org.eclipse.rdf4j.rio.trig.TriGHandlingTest,TriGHandlingTest,75.0
org.eclipse.rdf4j.rio.trig.TriGParserCustomTest,TriGParserCustomTest,98.0
org.eclipse.rdf4j.rio.trigstar.TriGStarHandlingTest,TriGStarHandlingTest,44.0
org.eclipse.rdf4j.rio.trigstar.TriGStarMimeTypeRDFFormatTest,TriGStarMimeTypeRDFFormatTest,2.0
org.eclipse.rdf4j.rio.trigstar.TriGStarParserTest,TriGStarParserTest,5.0
org.eclipse.rdf4j.rio.trix.TriXParserHandlingTest,TriXParserHandlingTest,27.0
org.eclipse.rdf4j.rio.trix.TriXParserTest,TriXParserTest,342.0
org.eclipse.rdf4j.rio.turtle.CustomTurtleParserTest,CustomTurtleParserTest,32.0
org.eclipse.rdf4j.rio.turtle.TurtleBaseURIHandlingTest,TurtleBaseURIHandlingTest,6.0
org.eclipse.rdf4j.rio.turtle.TurtleHandlingTest,TurtleHandlingTest,63.0
org.eclipse.rdf4j.rio.turtle.TurtleMimeTypeTest,TurtleMimeTypeTest,4.0
org.eclipse.rdf4j.rio.turtle.TurtleParserTest,TurtleParserTest,54.0
org.eclipse.rdf4j.rio.turtlestar.TestGH3323StackoverflowRDFStar,TestGH3323StackoverflowRDFStar,22.0
org.eclipse.rdf4j.rio.turtlestar.TurtleStarHandlingTest,TurtleStarHandlingTest,81.0
org.eclipse.rdf4j.rio.turtlestar.TurtleStarMimeTypeRDFFormatTest,TurtleStarMimeTypeRDFFormatTest,264.0
org.eclipse.rdf4j.rio.turtlestar.TurtleStarParserTest,TurtleStarParserTest,44.0
org.eclipse.rdf4j.sail.base.ChangesetTest,ChangesetTest,665.0
org.eclipse.rdf4j.sail.elasticsearchstore.config.ElasticsearchStoreConfigTest,ElasticsearchStoreConfigTest,68.0
org.eclipse.rdf4j.sail.elasticsearchstore.config.ElasticsearchStoreFactoryTest,ElasticsearchStoreFactoryTest,338.0
org.eclipse.rdf4j.sail.extensiblestore.TransactionIsolationAndWalTests,TransactionIsolationAndWalTests,223.0
org.eclipse.rdf4j.sail.extensiblestore.compliance.ExtensibleGraphQueryResultTest,ExtensibleGraphQueryResultTest,83.0
org.eclipse.rdf4j.sail.extensiblestore.compliance.ExtensibleStoreConnectionTest,ExtensibleStoreConnectionTest,845.0
org.eclipse.rdf4j.sail.extensiblestore.compliance.ExtensibleStoreContextTest,ExtensibleStoreContextTest,83.0
org.eclipse.rdf4j.sail.extensiblestore.compliance.ExtensibleStoreInterruptTest,ExtensibleStoreInterruptTest,58.0
org.eclipse.rdf4j.sail.extensiblestore.compliance.ExtensibleStoreIsolationLevelTest,ExtensibleStoreIsolationLevelTest,148.0
org.eclipse.rdf4j.sail.extensiblestore.compliance.ExtensibleStoreRepositoryTest,ExtensibleStoreRepositoryTest,5.0
org.eclipse.rdf4j.sail.extensiblestore.compliance.ExtensibleStoreSparqlOrderByTest,ExtensibleStoreSparqlOrderByTest,17.0
org.eclipse.rdf4j.sail.extensiblestore.compliance.ExtensibleStoreSparqlRegexTest,ExtensibleStoreSparqlRegexTest,229.0
org.eclipse.rdf4j.sail.extensiblestore.compliance.ExtensibleStoreTest,ExtensibleStoreTest,128.0
org.eclipse.rdf4j.sail.extensiblestore.compliance.ExtensibleStoreTupleQueryResultTest,ExtensibleStoreTupleQueryResultTest,5321.0
org.eclipse.rdf4j.sail.extensiblestore.evaluationstatistics.EvaluationStatisticsTest,Sail_EvaluationStatisticsTest,2078.0
org.eclipse.rdf4j.sail.helpers.AbstractSailTest,AbstractSailTest,1683.0
org.eclipse.rdf4j.sail.helpers.NotifyingSailConnectionWrapperTest,NotifyingSailConnectionWrapperTest,71.0
org.eclipse.rdf4j.sail.inferencer.fc.CustomGraphQueryInferencerRepositoryConnectionTest,CustomGraphQueryInferencerRepositoryConnectionTest,969.0
org.eclipse.rdf4j.sail.inferencer.fc.InferredContextTest,InferredContextTest,21.0
org.eclipse.rdf4j.sail.inferencer.fc.MemCustomInferencingTest,MemCustomInferencingTest,78.0
org.eclipse.rdf4j.sail.inferencer.fc.MemInferencingTest,MemInferencingTest,275.0
org.eclipse.rdf4j.sail.inferencer.fc.NativeStoreCustomInferencingTest,NativeStoreCustomInferencingTest,34.0
org.eclipse.rdf4j.sail.inferencer.fc.NativeStoreInferencingTest,NativeStoreInferencingTest,347.0
org.eclipse.rdf4j.sail.inferencer.fc.RDFSchemaMemoryRepositoryConnectionTest,RDFSchemaMemoryRepositoryConnectionTest,4656.0
org.eclipse.rdf4j.sail.inferencer.fc.RDFSchemaNativeRepositoryConnectionTest,RDFSchemaNativeRepositoryConnectionTest,19020.0
org.eclipse.rdf4j.sail.inferencer.fc.SchemaCachingRDFSInferencerIsolationLevelTest,SchemaCachingRDFSInferencerIsolationLevelTest,787.0
org.eclipse.rdf4j.sail.inferencer.fc.SchemaCachingRDFSInferencerNativeIsolationLevelTest,SchemaCachingRDFSInferencerNativeIsolationLevelTest,1889.0
org.eclipse.rdf4j.sail.lucene.DistanceQuerySpecTest,DistanceQuerySpecTest,15.0
org.eclipse.rdf4j.sail.lucene.GeoRelationQuerySpecTest,GeoRelationQuerySpecTest,17.0
org.eclipse.rdf4j.sail.lucene.QuerySpecBuilderTest,QuerySpecBuilderTest,27.0
org.eclipse.rdf4j.sail.lucene.QuerySpecTest,QuerySpecTest,25.0
org.eclipse.rdf4j.sail.lucene.impl.LuceneIndexLocationTest,LuceneIndexLocationTest,737.0
org.eclipse.rdf4j.sail.lucene.impl.LuceneIndexTest,LuceneIndexTest,221.0
org.eclipse.rdf4j.sail.lucene.impl.LuceneSailTest,LuceneSailTest,1321.0
org.eclipse.rdf4j.sail.memory.MemTripleSourceTest,MemTripleSourceTest,57.0
org.eclipse.rdf4j.sail.memory.MemoryCascadeValueExceptionTest,MemoryCascadeValueExceptionTest,15.0
org.eclipse.rdf4j.sail.memory.MemoryEvaluationStrategyTest,MemoryEvaluationStrategyTest,313.0
org.eclipse.rdf4j.sail.memory.MemoryGraphQueryResultTest,MemoryGraphQueryResultTest,18.0
org.eclipse.rdf4j.sail.memory.MemoryOptimisticIsolationTest,MemoryOptimisticIsolationTest,1006.0
org.eclipse.rdf4j.sail.memory.MemoryRDFStarSupportTest,MemoryRDFStarSupportTest,11.0
org.eclipse.rdf4j.sail.memory.MemorySparqlAggregatesTest,MemorySparqlAggregatesTest,17.0
org.eclipse.rdf4j.sail.memory.MemorySparqlDatasetTest,MemorySparqlDatasetTest,51.0
org.eclipse.rdf4j.sail.memory.MemorySparqlOrderByTest,MemorySparqlOrderByTest,17.0
org.eclipse.rdf4j.sail.memory.MemorySparqlRegexTest,MemorySparqlRegexTest,11.0
org.eclipse.rdf4j.sail.memory.MemorySparqlSetBindingTest,MemorySparqlSetBindingTest,6.0
org.eclipse.rdf4j.sail.memory.MemoryStoreConnectionTest,MemoryStoreConnectionTest,1292.0
org.eclipse.rdf4j.sail.memory.MemoryStoreIsolationLevelTest,MemoryStoreIsolationLevelTest,165.0
org.eclipse.rdf4j.sail.memory.MemoryStoreRepositoryTest,MemoryStoreRepositoryTest,13.0
org.eclipse.rdf4j.sail.memory.MemoryStoreTest,MemoryStoreTest,104.0
org.eclipse.rdf4j.sail.memory.MemoryTupleQueryResultTest,MemoryTupleQueryResultTest,5231.0
org.eclipse.rdf4j.sail.memory.PersistentMemoryStoreIsolationLevelTest,PersistentMemoryStoreIsolationLevelTest,223.0
org.eclipse.rdf4j.sail.memory.PersistentMemoryStoreTest,PersistentMemoryStoreTest,23.0
org.eclipse.rdf4j.sail.memory.StoreSerializationTest,StoreSerializationTest,17.0
org.eclipse.rdf4j.sail.memory.model.MemTripleTest,MemTripleTest,5.0
org.eclipse.rdf4j.sail.memory.model.MemURITest,MemURITest,1.0
org.eclipse.rdf4j.sail.model.SailModelNamespacesTest,SailModelNamespacesTest,355.0
org.eclipse.rdf4j.sail.nativerdf.ContextStoreTest,ContextStoreTest,66.0
org.eclipse.rdf4j.sail.nativerdf.DefaultIndexTest,DefaultIndexTest,3.0
org.eclipse.rdf4j.sail.nativerdf.LimitedSizeNativeStoreConnectionTest,LimitedSizeNativeStoreConnectionTest,5715.0
org.eclipse.rdf4j.sail.nativerdf.NativeCascadeValueExceptionTest,NativeCascadeValueExceptionTest,137.0
org.eclipse.rdf4j.sail.nativerdf.NativeEvaluationStrategyTest,NativeEvaluationStrategyTest,8.0
org.eclipse.rdf4j.sail.nativerdf.NativeGraphQueryResultTest,NativeGraphQueryResultTest,36.0
org.eclipse.rdf4j.sail.nativerdf.NativeOptimisticIsolationTest,NativeOptimisticIsolationTest,2226.0
org.eclipse.rdf4j.sail.nativerdf.NativeSailStoreTest,NativeSailStoreTest,48.0
org.eclipse.rdf4j.sail.nativerdf.NativeSparqlOrderByTest,NativeSparqlOrderByTest,88.0
org.eclipse.rdf4j.sail.nativerdf.NativeSparqlRegexTest,NativeSparqlRegexTest,62.0
org.eclipse.rdf4j.sail.nativerdf.NativeStoreConnectionTest,NativeStoreConnectionTest,6499.0
org.eclipse.rdf4j.sail.nativerdf.NativeStoreContextTest,NativeStoreContextTest,327.0
org.eclipse.rdf4j.sail.nativerdf.NativeStoreDirLockTest,NativeStoreDirLockTest,5.0
org.eclipse.rdf4j.sail.nativerdf.NativeStoreInterruptTest,NativeStoreInterruptTest,87.0
org.eclipse.rdf4j.sail.nativerdf.NativeStoreIsolationLevelTest,NativeStoreIsolationLevelTest,619.0
org.eclipse.rdf4j.sail.nativerdf.NativeStoreRepositoryTest,NativeStoreRepositoryTest,13.0
org.eclipse.rdf4j.sail.nativerdf.NativeStoreTest,Nativerdf_NativeStoreTest,361.0
org.eclipse.rdf4j.sail.nativerdf.NativeStoreTmpDatadirTest,NativeStoreTmpDatadirTest,23.0
org.eclipse.rdf4j.sail.nativerdf.NativeStoreTxnTest,NativeStoreTxnTest,31.0
org.eclipse.rdf4j.sail.nativerdf.NativeTupleQueryResultTest,NativeTupleQueryResultTest,5352.0
org.eclipse.rdf4j.sail.nativerdf.TestNativeStoreMemoryOverflow,TestNativeStoreMemoryOverflow,1232.0
org.eclipse.rdf4j.sail.nativerdf.TestNativeStoreUpgrade,TestNativeStoreUpgrade,55.0
org.eclipse.rdf4j.sail.nativerdf.TripleStoreRecoveryTest,TripleStoreRecoveryTest,5.0
org.eclipse.rdf4j.sail.nativerdf.btree.BTreeTest,BTreeTest,13.0
org.eclipse.rdf4j.sail.shacl.DeadlockTest,Sail_DeadlockTest,994.0
org.eclipse.rdf4j.sail.shacl.EqualsJoinTest,EqualsJoinTest,8.0
org.eclipse.rdf4j.sail.shacl.ExtendedFeaturesetTest,ExtendedFeaturesetTest,18.0
org.eclipse.rdf4j.sail.shacl.InnerJoinTest,InnerJoinTest,26.0
org.eclipse.rdf4j.sail.shacl.NativeStoreTest,Shacl_NativeStoreTest,167.0
org.eclipse.rdf4j.sail.shacl.NoShapesTest,NoShapesTest,805.0
org.eclipse.rdf4j.sail.shacl.PrepareCommitTest,PrepareCommitTest,79.0
org.eclipse.rdf4j.sail.shacl.RdfsShaclConnectionTest,RdfsShaclConnectionTest,3.0
org.eclipse.rdf4j.sail.shacl.ReduceNumberOfPlansTest,ReduceNumberOfPlansTest,38.0
org.eclipse.rdf4j.sail.shacl.SerializableTest,Sail_SerializableTest,413.0
org.eclipse.rdf4j.sail.shacl.ShaclTest,ShaclTest,47042.0
org.eclipse.rdf4j.sail.shacl.ShutdownTest,ShutdownTest,2888.0
org.eclipse.rdf4j.sail.shacl.StableQueryGenerationTest,StableQueryGenerationTest,2.0
org.eclipse.rdf4j.sail.shacl.TargetNodeMinCountEdgeCaseTests,TargetNodeMinCountEdgeCaseTests,21.0
org.eclipse.rdf4j.sail.shacl.TrackAddedStatementsTest,TrackAddedStatementsTest,2.0
org.eclipse.rdf4j.sail.shacl.TransactionSettingsFactoryTest,TransactionSettingsFactoryTest,39.0
org.eclipse.rdf4j.sail.shacl.TransactionSettingsTest,TransactionSettingsTest,312.0
org.eclipse.rdf4j.sail.shacl.TruncatedValidationReportTest,TruncatedValidationReportTest,1576.0
org.eclipse.rdf4j.sail.shacl.UniqueTest,UniqueTest,5.0
org.eclipse.rdf4j.sail.shacl.ValidationReportTest,ValidationReportTest,68.0
org.eclipse.rdf4j.sail.shacl.VisualizerTest,VisualizerTest,52.0
org.eclipse.rdf4j.sail.shacl.ast.ParsingTest,ParsingTest,4.0
org.eclipse.rdf4j.sail.shacl.ast.TargetChainTest,TargetChainTest,5.0
org.eclipse.rdf4j.sail.shacl.ast.paths.PathTest,PathTest,53.0
org.eclipse.rdf4j.sail.shacl.ast.planNodes.ValidationTupleTest,ValidationTupleTest,1.0
org.eclipse.rdf4j.sail.shacl.config.ShaclSailConfigTest,ShaclSailConfigTest,26.0
org.eclipse.rdf4j.sail.shacl.config.ShaclSailFactoryTest,ShaclSailFactoryTest,15.0
org.eclipse.rdf4j.sail.shacl.rdf4jcompliance.ShaclIsolationLevelTest,ShaclIsolationLevelTest,199.0
org.eclipse.rdf4j.sail.shacl.rdf4jcompliance.ShaclRepositoryConnectionTest,ShaclRepositoryConnectionTest,827.0
org.eclipse.rdf4j.sail.shacl.rdf4jcompliance.ShaclRepositoryTest,ShaclRepositoryTest,2.0
org.eclipse.rdf4j.sparqlbuilder.constraint.ExpressionsTest,ExpressionsTest,2.0
org.eclipse.rdf4j.sparqlbuilder.core.SparqlBuilderTest,SparqlBuilderTest,26.0
org.eclipse.rdf4j.sparqlbuilder.core.query.ModifyQueryTest,ModifyQueryTest,11.0
org.eclipse.rdf4j.sparqlbuilder.examples.sparql11spec.Section11Test,Section11Test,1.0
org.eclipse.rdf4j.sparqlbuilder.examples.sparql11spec.Section12Test,Section12Test,1.0
org.eclipse.rdf4j.sparqlbuilder.examples.sparql11spec.Section13Test,Section13Test,8.0
org.eclipse.rdf4j.sparqlbuilder.examples.sparql11spec.Section15Test,Section15Test,9.0
org.eclipse.rdf4j.sparqlbuilder.examples.sparql11spec.Section16Test,Section16Test,8.0
org.eclipse.rdf4j.sparqlbuilder.examples.sparql11spec.Section17Test,Section17Test,2.0
org.eclipse.rdf4j.sparqlbuilder.examples.sparql11spec.Section2Test,Section2Test,17.0
org.eclipse.rdf4j.sparqlbuilder.examples.sparql11spec.Section3Test,Section3Test,2.0
org.eclipse.rdf4j.sparqlbuilder.examples.sparql11spec.Section4Test,Section4Test,6.0
org.eclipse.rdf4j.sparqlbuilder.examples.sparql11spec.Section5Test,Section5Test,3.0
org.eclipse.rdf4j.sparqlbuilder.examples.sparql11spec.Section6Test,Section6Test,3.0
org.eclipse.rdf4j.sparqlbuilder.examples.sparql11spec.Section7Test,Section7Test,1.0
org.eclipse.rdf4j.sparqlbuilder.examples.sparql11spec.Section8Test,Section8Test,8.0
org.eclipse.rdf4j.sparqlbuilder.examples.updatespec.Section3Test,UpdateSpeceSection3Test,34.0
org.eclipse.rdf4j.sparqlbuilder.rdf.RdfLiteralTest,RdfLiteralTest,7.0
org.eclipse.rdf4j.sparqlbuilder.util.SparqlBuilderUtilsTest,SparqlBuilderUtilsTest,69.0
org.eclipse.rdf4j.spin.SpinParserTest,SpinParserTest,231.0
org.eclipse.rdf4j.spin.SpinRendererTest,SpinRendererTest,732.0
org.eclipse.rdf4j.testsuite.repository.optimistic.DeadLockTest,Optimistic_DeadLockTest,510.6666666666667
org.eclipse.rdf4j.testsuite.repository.optimistic.DeleteInsertTest,DeleteInsertTest,127.0
org.eclipse.rdf4j.testsuite.repository.optimistic.IsolationLevelTest,IsolationLevelTest,35.0
org.eclipse.rdf4j.testsuite.repository.optimistic.LinearTest,LinearTest,18.0
org.eclipse.rdf4j.testsuite.repository.optimistic.ModificationTest,ModificationTest,52.0
org.eclipse.rdf4j.testsuite.repository.optimistic.MonotonicTest,MonotonicTest,266.3333333333333
org.eclipse.rdf4j.testsuite.repository.optimistic.RemoveIsolationTest,RemoveIsolationTest,9.666666666666666
org.eclipse.rdf4j.testsuite.repository.optimistic.SerializableTest,Optimistic_SerializableTest,167.33333333333334
org.eclipse.rdf4j.testsuite.repository.optimistic.SnapshotTest,SnapshotTest,253.33333333333334
org.eclipse.rdf4j.workbench.commands.TestCreateServlet,TestCreateServlet,18.0
org.eclipse.rdf4j.workbench.commands.TestExploreServlet,TestExploreServlet,226.0
org.eclipse.rdf4j.workbench.commands.TestInfoServlet,TestInfoServlet,118.0
org.eclipse.rdf4j.workbench.commands.TestQueryServlet,TestQueryServlet,159.0
org.eclipse.rdf4j.workbench.commands.TestRemoveServlet,TestRemoveServlet,17.0
org.eclipse.rdf4j.workbench.util.TestPagedQuery,TestPagedQuery,96.0
org.eclipse.rdf4j.workbench.util.TestTupleResultBuilder,TestTupleResultBuilder,14.0
org.eclipse.rdf4j.workbench.util.TestValueDecoder,TestValueDecoder,742.0
